-- phpMyAdmin SQL Dump
-- version 4.8.2
-- https://www.phpmyadmin.net/
--
-- Host: localhost
-- Generation Time: Jun 18, 2019 at 01:04 AM
-- Server version: 10.3.14-MariaDB
-- PHP Version: 7.2.16

SET SQL_MODE = "NO_AUTO_VALUE_ON_ZERO";
SET AUTOCOMMIT = 0;
START TRANSACTION;
SET time_zone = "+00:00";


/*!40101 SET @OLD_CHARACTER_SET_CLIENT=@@CHARACTER_SET_CLIENT */;
/*!40101 SET @OLD_CHARACTER_SET_RESULTS=@@CHARACTER_SET_RESULTS */;
/*!40101 SET @OLD_COLLATION_CONNECTION=@@COLLATION_CONNECTION */;
/*!40101 SET NAMES utf8mb4 */;

--
-- Database: `db_inventori`
--

-- --------------------------------------------------------

--
-- Table structure for table `kategori`
--

CREATE TABLE `kategori` (
  `kategori_id` int(3) NOT NULL,
  `kategori` varchar(50) NOT NULL
) ENGINE=InnoDB DEFAULT CHARSET=utf8mb4;

--
-- Dumping data for table `kategori`
--

INSERT INTO `kategori` (`kategori_id`, `kategori`) VALUES
(1, 'Handphone'),
(2, 'Komputer'),
(3, 'Laptop'),
(4, 'Tablet');

-- --------------------------------------------------------

--
-- Table structure for table `produk`
--

CREATE TABLE `produk` (
  `produk_id` int(11) NOT NULL,
  `produk` varchar(100) NOT NULL,
  `deskripsi` text NOT NULL,
  `stok` int(3) NOT NULL,
  `foto` varchar(100) DEFAULT 'no_image.png',
  `supplier_id` int(3) NOT NULL,
  `kategori_id` int(3) NOT NULL
) ENGINE=InnoDB DEFAULT CHARSET=utf8mb4;

--
-- Dumping data for table `produk`
--

INSERT INTO `produk` (`produk_id`, `produk`, `deskripsi`, `stok`, `foto`, `supplier_id`, `kategori_id`) VALUES
(1, 'Ut consequatur et.', 'abba', 93, 'no_image.png', 2, 3),
(2, 'Libero maiores delectus sit.', 'Beatae sed sed enim autem corporis ut in quia et blanditiis necessitatibus reiciendis voluptatem est nihil non in optio error molestias et aut et et molestias non eum necessitatibus asperiores sequi qui et voluptatem illum magni maiores ex inventore et illum adipisci et incidunt repellat vero qui cupiditate corporis aut accusantium ut temporibus nihil ratione ut exercitationem inventore velit rerum non esse rerum ratione dolores adipisci esse praesentium voluptas ullam ducimus fuga illo quae eum dolorum quia quia perferendis repellat laborum provident ducimus excepturi esse fugiat voluptas qui qui et officia illo occaecati laudantium occaecati dignissimos nemo quisquam ea porro possimus est eos explicabo et hic eos unde vitae et.', 858, 'no_image.png', 1, 1),
(3, 'Labore non iste in.', 'Suscipit quia asperiores eum unde ut sint est voluptas voluptas qui dolorem dignissimos earum culpa incidunt doloremque libero provident vel sit neque possimus harum error ratione molestias nihil eos aperiam dignissimos qui aliquid unde voluptatem atque molestiae non ullam doloribus suscipit nobis maiores enim sed nemo autem ea ut perferendis incidunt ut quia aut amet ut quia dolor accusantium qui et non et ipsam id molestiae mollitia doloribus aut dignissimos ipsa dolorem blanditiis sed tenetur rerum laboriosam sit dolore ducimus consequatur voluptas voluptatibus voluptatem id vitae ut est laudantium sint voluptates sunt ipsam soluta dolor labore aut consequatur optio nulla voluptates voluptatum hic nihil atque ab in voluptates excepturi.', 982, 'no_image.png', 2, 4),
(4, 'Qui laboriosam adipisci architecto.', 'Sit iusto sed ut fuga enim quo veniam qui consequatur deleniti distinctio rerum in aut et atque accusantium rerum in enim perferendis officiis impedit praesentium in at distinctio blanditiis ut tenetur sapiente necessitatibus pariatur vitae et odio non voluptatem aut unde consectetur itaque autem quas totam illum minima ipsam alias alias iste asperiores ut labore in vel consequatur odio atque quia expedita eveniet assumenda consequatur nihil sed sapiente assumenda consequatur autem porro quasi sed qui voluptatem.', 647, 'no_image.png', 2, 2),
(5, 'Architecto et aperiam.', 'Perferendis commodi maxime laboriosam dicta pariatur voluptate est aliquam corporis eius harum maiores velit omnis et laborum quam nobis eaque porro qui facere commodi aliquid nihil quo at doloremque officia qui odit voluptates perferendis dolorum iure veniam consectetur sunt aut repudiandae veritatis fugit modi assumenda et et praesentium rem dolores voluptatem ea sint eaque occaecati necessitatibus amet quis qui et et non doloremque eveniet soluta ipsa voluptatem autem debitis enim voluptates voluptatem eum magni et at modi cupiditate id eveniet modi magnam voluptatem aut et unde similique neque animi voluptas.', 364, 'no_image.png', 2, 1),
(6, 'Consectetur ullam.', 'Commodi est voluptatem nihil odio aut nisi provident fugiat velit aut omnis porro voluptatem fugit inventore nulla eum asperiores recusandae animi atque quis perferendis aut aut praesentium magni ut et pariatur enim totam dolor magni sed quasi laborum quam harum optio quia asperiores tempore aut voluptas nihil animi deleniti sint ratione saepe quod consequatur quibusdam voluptates dignissimos sed quam id consequatur qui ab tempora animi nesciunt repellat corporis dignissimos unde nam perspiciatis nihil in quia est at fugiat incidunt nulla at consectetur debitis voluptas consequatur unde vero consequatur a consectetur quia eum libero officia.', 807, 'no_image.png', 1, 3),
(7, 'Vel occaecati dolores quas.', 'Voluptas reprehenderit velit neque repellendus consequatur sint debitis et eveniet id numquam est alias corporis voluptates amet voluptas inventore quibusdam optio repellendus inventore laborum quis sit quidem illo perspiciatis laborum omnis rerum et eos beatae quos et vero dolores nobis delectus voluptatem ea sit ab pariatur qui reprehenderit officia rerum iste nihil nihil est incidunt qui quis ut ipsam iste in molestiae velit est eos excepturi nemo maxime consequatur animi quia nam reprehenderit eaque et ex recusandae vel esse mollitia nisi laborum odio voluptate omnis veniam.', 932, 'no_image.png', 2, 3),
(8, 'Odio fugit iure doloremque.', 'Laudantium animi vero quos enim ut est et porro vitae hic aperiam non eaque aut voluptas iste quibusdam quia voluptatem voluptas dignissimos qui reiciendis at quam qui deleniti fugit autem qui distinctio delectus dolore enim sed est autem explicabo ut voluptate recusandae voluptatem commodi ut perspiciatis est sit corporis vitae labore molestiae magni cum magnam autem dicta consequatur debitis veritatis ut doloremque molestiae aut natus iusto placeat ratione voluptas ut omnis.', 540, 'no_image.png', 1, 3),
(9, 'Culpa ut.', 'Enim quisquam consectetur incidunt molestias dolorem quis quam libero ipsam accusantium sunt natus odit qui et sequi qui eaque impedit libero aperiam porro molestias minima qui sit deserunt dolor ut alias molestiae ut vel qui officiis velit atque dolorem magnam impedit quo sit at voluptas itaque et autem dolor magni excepturi eligendi nihil odio consequatur odit in reprehenderit nihil esse fugiat quae reiciendis est officia accusamus ut eaque natus atque nulla voluptatem deleniti sed id voluptatem maiores eveniet molestias saepe rerum temporibus eum voluptatem est vero quibusdam esse voluptatum praesentium veniam quas vel corrupti quod delectus autem quos excepturi harum nostrum error neque voluptas non laborum ut ducimus porro aut consequatur nulla quia eum sed qui est voluptatum reprehenderit eum incidunt et iste quos qui soluta modi dolore eligendi aperiam sit non vero dolorem et.', 461, 'no_image.png', 2, 4),
(10, 'Aut architecto neque.', 'Pariatur omnis non reiciendis a sed autem voluptas blanditiis voluptas voluptatem nesciunt et illo esse id sit tempore neque possimus saepe ut a odio aut omnis est recusandae quaerat sint a vitae at vel ut omnis sit dolor quas veniam expedita deserunt aliquid quas excepturi repellat quia alias dolor et quae nobis deserunt qui consequatur consequatur quae quibusdam et aut ipsam sint dolorum voluptas ex ullam debitis aliquid voluptatem consequatur quod atque rerum sit voluptatem iusto aut ut non et repellat quasi nihil.', 798, 'no_image.png', 1, 4),
(11, 'Ab fugiat tempore.', 'Ut nihil dolor vel eveniet temporibus aliquam ea rem mollitia quis libero voluptatem quas eos soluta ipsum et provident voluptatem facere ullam harum quam sint est sit architecto velit ut maxime et velit repellat provident distinctio laborum non quas qui et rerum qui possimus consequuntur quo reprehenderit sit et aut voluptatem quia sed natus quos omnis officiis omnis quia sed est deserunt impedit odio molestiae ullam ex hic nihil voluptate aut sed nesciunt recusandae ut molestiae in dolorem corrupti quaerat quisquam dolores consequuntur consequuntur nobis labore sed quam officiis nisi sed expedita ea qui dolores explicabo libero rerum magni deleniti iure distinctio qui et dolore voluptates perferendis velit.', 599, 'no_image.png', 1, 4),
(12, 'Laudantium aut magni.', 'Labore accusantium aut dolorem sint sed beatae ipsum quia voluptatum non quis exercitationem aut iusto voluptas sunt dolor sunt iste non dicta enim et dolores molestiae magni ipsa inventore asperiores nulla qui voluptatem quo assumenda velit expedita eius ut cupiditate eum alias vel eius rerum consequatur est ducimus numquam inventore quae dicta corrupti voluptatem ex beatae nam autem molestias ipsam et sit amet voluptatem unde est et unde est voluptas neque sed magnam autem pariatur culpa beatae in autem voluptatum nesciunt at laudantium veniam non repudiandae cupiditate minus consequatur est deserunt illo accusamus rerum consequuntur qui tenetur sapiente voluptatem voluptatem qui sunt velit possimus cupiditate corporis perferendis corrupti accusamus nemo veritatis quam non quisquam ad quas.', 748, 'no_image.png', 1, 2),
(13, 'Quas tempore quaerat.', 'Ducimus quis nisi sint ullam aut assumenda autem rem quos animi corrupti magni et aut aut officiis fuga eos nobis necessitatibus voluptas vero enim maxime quisquam velit mollitia ut ex id itaque dolores ipsum qui cum temporibus sint iure amet molestias dolor hic minima fuga ducimus minima fugiat rerum itaque et repellendus culpa natus ex facilis fugiat voluptatem excepturi deserunt natus illum est hic quia non eveniet voluptas cum voluptate non quo sapiente et sunt ut quo dignissimos est repudiandae enim culpa quo ex sint.', 39, 'no_image.png', 1, 3),
(14, 'Sit exercitationem ratione unde.', 'Atque velit sed occaecati quae molestias sed tempore et et et qui quia et deleniti quo numquam et est dicta nesciunt nihil sed ratione sed et iste sunt dolorem dolor qui ut tenetur ut culpa est dignissimos esse tempore totam doloribus eos voluptatem expedita assumenda ut omnis dolor rem est aut est suscipit eos omnis ab sit molestias ad debitis ut tenetur esse quas numquam sapiente quod labore voluptatem tempora.', 851, 'no_image.png', 2, 3),
(15, 'Rem repellat eaque.', 'Ea assumenda et consectetur ea corrupti ut exercitationem expedita voluptatem amet cupiditate necessitatibus neque porro non cumque nemo distinctio nemo doloremque nam illo non labore aut fuga officiis doloremque est dolore corporis officiis perspiciatis eum illo tempora architecto et facilis enim et sunt odio quo facilis animi facere rerum iusto ut doloremque rerum quas veritatis sed repellat laudantium aperiam quia nulla dolorum sequi et ut ea quia rerum in nihil quae et adipisci iusto voluptas sit earum et.', 993, 'no_image.png', 2, 4),
(16, 'Saepe illum ipsa.', 'Voluptatum molestiae consequuntur et beatae ea eum assumenda nulla maxime consequatur culpa ea deleniti totam eius facere nihil omnis aut ut molestiae qui qui doloremque corporis inventore unde et libero nesciunt voluptas dolorum sunt quia nihil voluptas quibusdam aut temporibus fuga et maxime facilis enim qui culpa asperiores maiores officiis nihil vitae dicta vel aut in alias et optio iure quos odio nihil error totam non ut est sapiente minus sed impedit error aliquid non est et eveniet quis repellat tempore voluptatibus quidem sit expedita nisi ut soluta ipsa voluptas aut est iste necessitatibus enim ducimus ut quo quibusdam dicta est consequatur sit excepturi sed quidem nihil dolore neque natus reiciendis hic tempora totam qui sit vitae nostrum in odio qui et saepe esse ducimus magni voluptatum suscipit quaerat possimus repellendus inventore dolorum quo recusandae ea quia praesentium porro iste totam.', 799, 'no_image.png', 2, 1),
(17, 'In expedita non.', 'Iure ea magni molestias dicta quos quidem quidem neque et eligendi dignissimos in quis eum voluptas natus reiciendis voluptatem adipisci quam consequatur esse illo corporis soluta vero illo repudiandae quisquam molestiae consequatur velit voluptas consequatur soluta qui aut ipsam dolor rerum non et totam ipsam laborum nesciunt vel possimus et modi nostrum aperiam eligendi rem rerum corporis expedita aut sint aut neque laborum distinctio et est nulla ut fugit sit voluptatem eum distinctio debitis tenetur quisquam unde perspiciatis quia id illum ex explicabo est eveniet quos debitis ullam consectetur consequatur ea et voluptas debitis unde est sunt ducimus enim quis repudiandae ab ad delectus autem quia ipsum qui exercitationem pariatur optio blanditiis rem minus ut vel quia autem et minus sunt omnis quis ut non earum excepturi omnis non ut maiores.', 872, 'no_image.png', 2, 4),
(18, 'Esse eos dolore.', 'Nobis ut error qui quas quis autem voluptatibus totam rerum a voluptate rerum molestiae excepturi vero velit quibusdam fugit dolores modi sed voluptatem ut ad eos aut non officiis magni quis maiores enim veniam sit veritatis nemo unde accusantium repellendus nisi qui beatae tempora in qui est repudiandae aliquam totam voluptatibus quia commodi ut voluptatem esse at eligendi dignissimos sit consequatur dolor quia aut maxime placeat rerum consequatur a at dolore debitis non odit ullam et sed qui culpa inventore.', 379, 'no_image.png', 2, 4),
(19, 'Porro in ab alias.', 'Dolorum minus magnam facere repellendus excepturi eum qui sed suscipit ipsam voluptatibus inventore labore quibusdam et quo placeat ut quis doloremque ut ex quam similique reprehenderit rerum quas distinctio eveniet temporibus voluptate repellendus et voluptas quibusdam qui ea suscipit repellendus accusamus distinctio harum sit ea sint voluptatem quia at maiores nam voluptatem error pariatur beatae tempora eveniet libero nulla nemo voluptatum sunt necessitatibus voluptates voluptates aut saepe nulla eveniet minus aut adipisci temporibus omnis omnis nulla veniam quia amet beatae facere vitae magnam aut soluta id non omnis assumenda itaque amet id error sunt vel voluptas reprehenderit ad inventore repellendus illum vel est et suscipit est voluptatibus maiores sequi provident earum repudiandae veritatis veritatis saepe soluta natus dolorum dolor rerum voluptate voluptatum molestias et praesentium qui quis deserunt inventore similique quo et exercitationem molestias eos magni libero praesentium voluptatem cumque.', 742, 'no_image.png', 2, 1),
(20, 'Veritatis ratione libero.', 'Quis placeat necessitatibus ab sed veritatis animi odit voluptas et voluptas et itaque officiis unde atque ipsam aut officia non ut eaque dolor harum voluptas qui tenetur quo dolore rem quam repellendus magni ad non minima occaecati ut voluptatem voluptas modi aspernatur fugit architecto dolorem enim ut quia quod non ut quia totam mollitia ut consequuntur minima quam autem commodi ad beatae accusantium ex assumenda culpa magnam velit pariatur quidem velit consequatur numquam sunt non soluta iure voluptatem at voluptatem qui eos nisi voluptates accusantium tempora et harum qui dicta qui et esse distinctio est natus quas nisi amet eos non veniam blanditiis itaque perspiciatis commodi rem dicta voluptas vel accusantium aut facere laboriosam qui magnam est laborum consequatur illo sequi cumque aut dicta.', 518, 'no_image.png', 2, 3),
(21, 'Quas repellat natus vel autem.', 'Corrupti omnis eligendi laudantium voluptas ea culpa et recusandae sed ut aut quo commodi rerum deserunt provident quidem est tenetur consectetur quia qui et dicta praesentium id illum et animi excepturi ex veniam cum laudantium et voluptatem accusamus error enim illo sint ab numquam sed vel voluptas impedit commodi magnam aut soluta dolorem dolores neque saepe corrupti ut in doloremque expedita nemo sed mollitia ipsum deserunt voluptatem est facere sit quibusdam deleniti laboriosam dolores consequatur corrupti voluptate repellat error distinctio et unde omnis fugit rerum aliquam ut repellendus eum eligendi ab ut voluptatem omnis neque consequatur amet molestiae ipsum voluptas id molestias assumenda perspiciatis deserunt fuga dolorum rem nulla qui iusto voluptas placeat voluptatem.', 522, 'no_image.png', 1, 3),
(22, 'Nostrum molestias quo.', 'Eaque accusamus a quia nobis impedit consequatur maxime sint rerum quisquam accusamus architecto ex tenetur qui laborum molestias quis autem eum voluptas accusantium omnis ut placeat autem dolores laboriosam reprehenderit sunt dolorem laborum et enim dolorem sed magni sit nulla reprehenderit cupiditate nam est ea mollitia cupiditate nesciunt rerum illo officiis deleniti nihil natus ex nihil illo at magnam deleniti similique ut repellat aspernatur facilis commodi quia delectus nostrum suscipit reiciendis sint sunt vero laboriosam ex molestiae amet cumque et enim similique reiciendis temporibus repellendus.', 138, 'no_image.png', 2, 4),
(23, 'Veritatis aperiam tempore necessitatibus.', 'Quas quae qui explicabo consequatur non aut libero dolorem mollitia quia cum porro ut nostrum dolor ut reprehenderit laboriosam itaque inventore a ullam assumenda alias est neque quasi cumque rem a possimus ullam in qui qui iure qui et necessitatibus omnis modi quia unde explicabo iure autem eum enim facilis aut amet reprehenderit corrupti expedita et est itaque nihil qui totam voluptatum maxime sint dolorem corporis.', 866, 'no_image.png', 2, 1),
(24, 'Necessitatibus enim ut.', 'Quis voluptatem molestias hic nulla deleniti qui odio qui veritatis pariatur dolor enim culpa consequuntur tempora veniam qui non quo ratione rerum iure at provident optio maxime magnam magni incidunt doloribus molestiae voluptas est autem rerum incidunt qui repudiandae laborum excepturi sapiente et sed sint rerum fugit quia aut aliquam tempore corrupti quidem fugiat aut facere fugit laudantium ut eligendi beatae ratione recusandae.', 674, 'no_image.png', 1, 1),
(25, 'Tempora veritatis est.', 'Iure dolorem minima eum autem est deserunt sunt minus fugiat ad qui voluptas et expedita minima delectus saepe maxime qui delectus dolores veniam qui distinctio atque fugiat deleniti vero autem est minima nulla et facere labore eum qui doloremque ut quia suscipit eveniet illo sit corrupti mollitia ut corrupti cupiditate reiciendis ut laborum quasi dolorem aliquam soluta quisquam labore fugiat nostrum.', 670, 'no_image.png', 2, 4),
(26, 'Est odit nesciunt sapiente.', 'Impedit omnis consequatur veniam numquam enim vero ad minus veniam distinctio ratione quia velit voluptas est hic ea ad corrupti ab dicta voluptas nobis et quo voluptatem quia illo omnis necessitatibus delectus eos nemo itaque et qui dolor sequi dolorem maiores voluptatem non aperiam deleniti qui ea aut accusantium eligendi eligendi enim sint quas quis omnis voluptas quod repudiandae voluptatibus eum cum eos quaerat exercitationem illum ducimus ut nihil non consequatur assumenda repellat tempora iure autem tempora voluptas delectus et sit eveniet recusandae vero repudiandae dolorem veritatis ipsum quis inventore labore in facere aut fugit aut aut eum assumenda nobis aut molestias hic et rerum voluptatem est reiciendis nisi fuga aspernatur iste aut et commodi deserunt optio magnam voluptas in quia enim.', 969, 'no_image.png', 2, 4),
(27, 'Repellendus est fuga sed.', 'Qui possimus quis est quisquam minus voluptatem pariatur fugiat incidunt autem quo et voluptatem voluptatibus dicta itaque aut doloremque eos ut sed natus delectus rerum quo omnis aut beatae aut provident minus impedit animi neque asperiores ipsum id placeat unde hic molestiae non cupiditate culpa ad et porro aut saepe exercitationem et voluptatibus modi illum vitae totam consectetur aut et vel possimus tenetur earum blanditiis dolores dolores aut autem perferendis delectus et voluptatem cumque quasi aut nemo incidunt voluptate sequi id delectus eum cumque quaerat quia ratione alias sit non expedita rerum non aspernatur sit rem earum assumenda eius adipisci porro aut sed expedita voluptas et sit aspernatur laudantium qui tempore nobis non voluptatum asperiores cumque maiores magni quo sint minus aut occaecati vitae id odit aut saepe sed.', 862, 'no_image.png', 2, 3),
(28, 'Accusamus quo eveniet.', 'Velit deleniti iure ut ut ex aperiam itaque aperiam et inventore deserunt et cumque labore fugiat odit sint aspernatur corrupti et unde enim sit eum nemo nulla aperiam et cupiditate qui velit dicta rerum aliquam adipisci nam et sit quasi dolore veniam ut similique harum illum inventore ea nihil ipsum in in voluptatem earum fuga ex quo aut aperiam qui error aut qui non qui magni reprehenderit possimus rerum repudiandae consequuntur et distinctio assumenda alias adipisci rerum.', 137, 'no_image.png', 1, 2),
(29, 'Repellendus vel expedita.', 'Consectetur a cum adipisci quod aperiam veniam eaque voluptate repellendus nobis doloremque dolores sit inventore et impedit placeat autem corrupti unde ullam aperiam provident aperiam occaecati laboriosam occaecati rem consequatur eos ducimus doloremque unde ut ut maiores at consectetur quia ut nulla vitae exercitationem et est tenetur et et repudiandae aspernatur eaque hic illo non ipsa qui illum veniam odit sed dolorem nesciunt a repudiandae tenetur incidunt aspernatur quia explicabo.', 80, 'no_image.png', 2, 4),
(30, 'Id ut fugiat voluptatem.', 'Id ratione et ut rerum qui voluptatem necessitatibus aut doloribus velit at quasi deserunt eos non dolorem dignissimos sapiente id sequi sequi tempore quisquam eaque excepturi cumque sed voluptatum tempore doloribus esse quibusdam omnis delectus esse rerum deleniti dolore ut occaecati sapiente vitae laboriosam ad vero maiores quas ut ducimus pariatur perspiciatis non fugiat sunt molestiae impedit hic non non voluptatum totam aspernatur tenetur assumenda sapiente exercitationem illum molestiae non asperiores suscipit alias nesciunt quidem sed porro animi est veniam doloremque et accusantium unde accusamus vero eligendi facilis repellat ab veniam maxime nulla incidunt quod necessitatibus sit mollitia alias accusantium rerum eum pariatur voluptas saepe sequi pariatur aut hic consequatur vero quis perferendis ab pariatur consequatur quis nam magnam quo dicta quibusdam animi reprehenderit saepe dolores aut.', 147, 'no_image.png', 2, 4),
(31, 'Nihil impedit et.', 'Ea voluptatibus est maiores enim sunt vel fugit sed dolore eaque sit sit non quod aliquam enim qui doloribus ut mollitia iusto est cupiditate ut molestias aut porro quia quasi dolores voluptas rerum magni soluta et officia suscipit laboriosam ea ut debitis sed libero veniam dolor commodi sed harum tempora voluptas excepturi odit aut nemo ducimus accusantium quas ut eius id consequatur aperiam reprehenderit in quo nulla tempore.', 210, 'no_image.png', 1, 2),
(32, 'Nesciunt consequatur delectus.', 'Beatae quo aut voluptatem et ut sequi ipsa necessitatibus officiis provident rerum hic ad laudantium sed error et modi earum explicabo ea et eos sed dolor ipsa ducimus et velit a blanditiis ut sed voluptatem sed ipsum tenetur qui dolor quo quae et consequatur vitae harum ipsa magni voluptatem quos quia qui vel et accusantium est velit provident est rerum quasi ea et et consectetur commodi velit molestias amet quis recusandae voluptatem laborum natus dignissimos et pariatur non dolores et quasi ut animi quasi libero eos molestiae quo inventore quam non voluptatibus non nostrum ea ducimus commodi eveniet itaque facilis qui voluptas assumenda qui ipsum occaecati nulla rerum omnis sed ut nihil repellat aut ipsam corporis excepturi itaque et consequatur similique hic ullam temporibus dolorem harum aut quibusdam quisquam perferendis ut est voluptatem eum eum placeat eligendi est id dolore.', 1, 'no_image.png', 2, 3),
(33, 'Praesentium dolores ea placeat.', 'Fugit suscipit dolorum voluptas praesentium architecto eum similique atque magnam voluptatem qui dolorum molestiae iure cupiditate autem dolorem voluptatem quisquam omnis impedit harum error eligendi vero optio sint quos natus quam magni iste fugit magni exercitationem aspernatur harum eos et recusandae corporis similique est tenetur id molestiae quibusdam explicabo nobis placeat eum quia repellat repudiandae quidem fugit voluptatem voluptatem velit vero consequatur corporis fugiat voluptatem et tempore et et aperiam reprehenderit aut maiores facilis incidunt explicabo tempore voluptatum ea architecto voluptatem blanditiis dolores nostrum minima qui vel est labore impedit autem a maiores voluptate provident aspernatur rerum consequatur deserunt recusandae excepturi aliquam voluptas quasi recusandae iste natus iure qui quis omnis ut sint eos modi tempore sed vel veritatis inventore odio ipsam voluptates eum aliquid nulla velit nesciunt aut voluptatem qui quis qui.', 781, 'no_image.png', 2, 4),
(34, 'Omnis omnis maxime asperiores.', 'Quis qui placeat et velit quia dignissimos culpa iusto et mollitia fugiat earum quam cum temporibus porro qui repellendus nihil dolorem sequi repudiandae nisi nemo error qui rerum est et eligendi aliquam quis quia consequatur suscipit unde harum molestias quas et sapiente est nihil quisquam nemo omnis cumque ex voluptates id aut tenetur possimus beatae in vero ea voluptatem omnis est dolores facilis architecto nam nemo similique ut reiciendis voluptas voluptates voluptas voluptas dignissimos in cupiditate amet possimus quae ut dolore ut eveniet ea pariatur molestias itaque voluptas et corporis sint nulla qui optio explicabo nostrum voluptatem qui est nihil deleniti consequatur quasi sequi nihil et non quae aut autem sint iusto ut magni quis et voluptatem optio maiores reiciendis corporis.', 838, 'no_image.png', 2, 1),
(35, 'Est quas accusantium.', 'Adipisci sed et consectetur incidunt at nihil placeat est qui officiis similique quo tempora eius sed voluptatem eum officiis quia dolores possimus ipsum quam quos accusantium sed numquam aut nemo omnis illo nesciunt dolorem corporis quisquam reprehenderit quibusdam assumenda in qui molestiae et harum molestias vel nulla sunt recusandae ut occaecati dolor qui omnis repudiandae voluptas fugit tenetur et sed harum qui placeat rerum nemo possimus cum magnam et cumque repellat voluptas ullam est autem non quia aliquid numquam et ad fugiat sunt in quia aperiam et consectetur nostrum veniam dicta nisi odio exercitationem ut a quos odit nisi adipisci incidunt ipsa quia atque eligendi aut quia suscipit dignissimos consectetur quis incidunt error neque aperiam animi.', 411, 'no_image.png', 1, 1),
(36, 'Blanditiis suscipit culpa.', 'Debitis et quaerat non velit quis voluptas repudiandae provident dolorem culpa libero ut iusto nihil et repudiandae et dignissimos alias deleniti quod et exercitationem aperiam quis nesciunt et maiores molestiae vel quis voluptas unde possimus tenetur perspiciatis neque veritatis repellat ipsa dolorem exercitationem facilis veritatis quaerat occaecati sit consequatur voluptatem laboriosam aperiam quisquam voluptatibus qui non incidunt sunt accusantium facere nemo voluptatem magni quisquam qui placeat et optio est.', 139, 'no_image.png', 1, 1),
(37, 'Sint accusamus perferendis.', 'Quo autem omnis accusamus culpa vel expedita dolores nostrum ut velit autem nihil aut id deleniti fugit commodi delectus itaque illum doloribus asperiores distinctio minima dolores dolorem eos beatae temporibus excepturi necessitatibus voluptate voluptates perferendis veniam qui porro suscipit eum rerum deleniti nostrum expedita dolor natus tempora id quisquam quis facere inventore sunt doloremque autem officia odit dolore facere minima pariatur dolorum sit sapiente quia sunt omnis aperiam harum odio velit placeat ut sed vel illo unde facere exercitationem iusto recusandae quia voluptas sit recusandae accusamus animi odio quo aspernatur laudantium repellendus illo atque inventore voluptatum ex ipsam fugiat harum aut culpa sapiente aut eligendi rerum asperiores occaecati cumque hic sit modi perspiciatis excepturi optio.', 505, 'no_image.png', 2, 2),
(38, 'Temporibus consectetur.', 'Unde aut repellat sed perspiciatis natus excepturi maxime consequatur et corrupti et voluptates perspiciatis adipisci facilis velit ut esse tempore expedita ut nisi vel sapiente dolores rerum aspernatur hic odit debitis dolore numquam culpa temporibus tempore voluptatibus vel tenetur voluptatem facere rerum soluta delectus saepe occaecati modi consequatur nesciunt quia quo iste id est molestiae expedita quod molestias nihil non distinctio illo quidem nostrum similique ut labore rerum molestiae nihil qui pariatur dolore non sed autem et voluptatum sequi consectetur deserunt itaque quaerat ipsa blanditiis veniam numquam adipisci est ut repudiandae vel dolores consequuntur aliquid quibusdam ut assumenda dignissimos culpa in sequi voluptatum eum exercitationem et error minima quis ab quia minima veniam non libero unde ipsa commodi aut et sapiente occaecati sit mollitia ea sunt dolorum molestiae fugit non delectus.', 591, 'no_image.png', 2, 2),
(39, 'Veritatis repellendus quia ipsum deleniti.', 'Distinctio maxime nam quo voluptas aut voluptatibus quam natus placeat nesciunt dolore eius voluptatem fugiat expedita animi rerum et sapiente voluptatem non ea sit veniam ea quam facilis recusandae voluptas distinctio et soluta libero sint et est assumenda veritatis culpa quis minima voluptate delectus nemo molestias inventore ex ratione labore deserunt et alias recusandae dicta enim quaerat sit veniam labore quis deleniti consectetur accusantium pariatur consequatur autem ab reprehenderit asperiores fugit fugiat id et quo et quo maiores nesciunt alias fugit qui ut tenetur veritatis perferendis totam nobis aliquid qui minus esse molestiae maxime aperiam pariatur sit consequatur quis rem sed odio velit similique architecto libero dolorem ut error.', 147, 'no_image.png', 1, 4),
(40, 'Voluptate id incidunt.', 'Quas non reprehenderit omnis dignissimos earum et aut molestiae nemo amet non necessitatibus quia sunt veritatis optio vel occaecati laudantium inventore sit quis sit sed accusamus est dolorem tenetur est nam autem quisquam sint est optio fuga error corporis numquam a aut quaerat corrupti nihil omnis laborum odio officiis nostrum voluptatem tempora repellendus aut eaque quod quas nobis fuga dolorem occaecati provident corrupti sit provident dolorem ut quasi molestias ipsum saepe velit delectus repellendus quibusdam voluptas recusandae voluptatem qui asperiores amet aliquid rerum qui autem voluptate perspiciatis quisquam sunt mollitia harum sunt atque consectetur quisquam quisquam dolore non et laboriosam ut non eius.', 302, 'no_image.png', 2, 3),
(41, 'Sequi qui sit.', 'Dolor quisquam dolorem aut quibusdam beatae tempore architecto natus modi debitis dolor ea aliquam ea sed voluptas quia saepe ad quo repellat in pariatur harum consequatur id neque occaecati blanditiis ipsam iste animi eum blanditiis ducimus modi quasi aliquid aut officiis aut corporis illo similique velit unde molestiae id ut aut dolor sed consequatur quas dolor dolorem sed nesciunt ut quia iure earum enim labore minus amet nihil et vero quisquam deleniti ut praesentium fuga sapiente et dicta aut voluptatem sed et voluptas at quia corporis eaque et ut sunt architecto architecto minima nisi blanditiis odio voluptatem qui esse et ad veniam.', 862, 'no_image.png', 1, 2),
(42, 'Accusamus qui facere sunt.', 'Adipisci officia ut et impedit quia laboriosam non sit ullam soluta repudiandae possimus veniam odit est maxime in ea rerum quia et quia doloribus magnam architecto voluptatibus at quas velit dolore aut praesentium quae quos sequi ex voluptates ea ipsam magni molestias omnis nihil ad qui ex dolores accusantium qui et odio excepturi necessitatibus numquam quia pariatur eum rem accusantium molestiae voluptatem est tempora qui ut aut reprehenderit mollitia qui qui eum laboriosam omnis dolor et vitae saepe sequi dolorem officiis sit voluptas asperiores.', 919, 'no_image.png', 2, 3),
(43, 'Qui hic voluptatem earum.', 'Cupiditate in numquam explicabo saepe dignissimos non et minus quae quisquam dolor amet eligendi velit voluptas quia dolores fugit repellat sunt veniam nihil debitis et aut iste et recusandae perspiciatis et fuga voluptatem eveniet earum quam sed vitae consequatur aut illum et dolorum doloremque eos repellat beatae cupiditate doloribus et quos alias quia non ut earum quia et qui quis sequi architecto autem inventore inventore delectus necessitatibus quisquam quo ut accusantium dolores nemo rerum sit dolores repellendus tempore quidem iste dolores mollitia culpa illo quis eum delectus id laudantium voluptatem ut possimus quas eum expedita eius porro est a aut et sint sit reprehenderit excepturi laborum mollitia accusantium quos natus qui nesciunt doloribus eveniet.', 372, 'no_image.png', 2, 3),
(44, 'Neque dolores quo omnis.', 'Assumenda dolorem dolorem illum mollitia porro inventore officiis facere et nisi adipisci animi et enim quo itaque ut saepe et vel saepe sit ut ut ut et veniam dolorem quisquam omnis ex dicta est corporis earum ratione impedit debitis non cum eum iusto ratione error eos nostrum aut at quia ut dolor quasi dolores eos autem qui repellat non suscipit minima corporis deserunt corrupti quo tenetur et deleniti sapiente at ea illum mollitia autem fugiat nam tempore magni eos ut quia dolore unde quisquam eaque molestias officiis.', 740, 'no_image.png', 2, 3),
(45, 'At repellendus sed.', 'Ad nam est ullam consequuntur harum necessitatibus necessitatibus molestiae ea neque ut eos quo voluptas repudiandae possimus consectetur rem blanditiis quas rerum quidem culpa rerum ea culpa hic corrupti qui cum aut consequatur rerum iste quam quo ratione quas distinctio autem illum exercitationem nulla vero et vel sunt iure itaque voluptas laudantium et voluptatem delectus aut rerum ut labore quia qui vel accusantium voluptatem fugiat sit eum laboriosam occaecati rerum debitis saepe labore iure cum et quibusdam voluptatum corporis aut dignissimos reiciendis fuga fugit atque quia placeat voluptatibus quisquam aspernatur praesentium cupiditate ex quaerat dolorem quasi temporibus neque et repellendus consectetur corrupti quia consectetur in fugiat optio et corrupti molestiae et autem esse ea voluptatem perspiciatis voluptas necessitatibus beatae quam autem nemo aut qui.', 145, 'no_image.png', 2, 4),
(46, 'Velit natus nihil.', 'Quia vel in et modi cupiditate omnis odio voluptates voluptas aliquam nemo minima assumenda sit est aut est sint est dolores consequatur et minus molestiae aut dolores sequi consequatur omnis eos corporis et dolores laboriosam ut quis est ad et temporibus optio natus id similique dicta perferendis molestiae quo occaecati voluptates veritatis repellat delectus sunt repellat sunt saepe similique odio doloremque dolores asperiores aliquid commodi et magni qui illum enim distinctio explicabo fugiat ex incidunt ab modi rem deleniti optio qui quisquam eaque qui consequatur libero quibusdam quis tempore voluptate id natus officia soluta ab molestiae et quia dolorum et aspernatur deserunt praesentium et qui incidunt illo magnam esse dolore totam natus error nihil dicta incidunt omnis error et ipsa quo eum est accusantium sit qui sunt.', 976, 'no_image.png', 1, 1),
(47, 'Nesciunt et.', 'Voluptatem vel numquam quia suscipit pariatur architecto quia eligendi nobis doloribus similique eaque saepe unde explicabo et et eos cupiditate optio perspiciatis recusandae officia natus quaerat expedita eveniet consequatur reprehenderit architecto sint sed eum beatae autem iusto et quia sint ipsam at sit qui ipsa consectetur debitis sed ut ut nobis enim dolores nisi neque quisquam repellat praesentium non officiis cumque aut qui earum consequuntur doloremque repellat quidem doloribus placeat earum saepe accusamus dolorem mollitia omnis praesentium velit aut.', 954, 'no_image.png', 2, 3),
(48, 'Iste similique reiciendis et.', 'Nostrum consequatur aut minus voluptas unde et at minima consequatur numquam sit repellendus suscipit nesciunt ex tempora nihil autem deserunt est ea alias laudantium fugiat molestiae ratione eum ea nam sit officiis asperiores voluptas labore excepturi accusamus occaecati perspiciatis libero id occaecati est ipsam rem enim ut amet sit doloribus eveniet sint sed explicabo qui similique nemo neque eius ut quisquam repudiandae quisquam quos at eum voluptas voluptatem consequatur deserunt.', 854, 'no_image.png', 1, 4),
(49, 'Ullam non aut dolor.', 'Laboriosam neque aut optio voluptas sunt voluptas enim provident nostrum maxime eos quidem aut reprehenderit ab nihil magnam est consequatur explicabo corrupti quia inventore minus omnis velit id fuga sint maiores provident laudantium magni beatae et et ut et nostrum corporis non dicta quia debitis odit voluptates vel fugiat iste tempore quam quo corrupti pariatur inventore ut molestiae cum illo vel aperiam rem eum nihil at quibusdam rerum ducimus consequuntur saepe et laborum ad vel aut quos cumque ipsum aut sit facilis fuga temporibus eligendi dolorem libero.', 836, 'no_image.png', 2, 3),
(50, 'Maxime ut.', 'Qui saepe neque consequatur laudantium ex sit occaecati sunt eligendi ullam hic ut tempore aut nihil amet esse nostrum sed magni et necessitatibus eligendi eveniet animi nobis porro voluptatum beatae quo itaque commodi maxime dignissimos voluptas minima ex non optio sequi est aut velit quia et pariatur earum voluptatum quia consequuntur sit hic maiores recusandae dolor quis ad reiciendis sed repudiandae voluptatem autem maxime natus quo consequatur eum magnam nulla sit nisi et iusto eligendi repellat dolor aut laborum ut laudantium voluptatem animi dicta neque similique dolorem laudantium aspernatur illo nemo ut quam qui sint iste autem vero dolor provident unde unde nisi totam nam non odio labore et incidunt omnis labore nesciunt.', 661, 'no_image.png', 1, 3),
(51, 'Ut voluptatem earum.', 'Eos odio ullam expedita facilis molestias id inventore aut odio eius suscipit quae maiores amet qui ea provident eos quasi error laborum ut aut molestias repellendus repellendus aut quia natus ad nulla nemo praesentium voluptas qui commodi voluptatem ratione sit occaecati molestiae nesciunt eius dolorem dolorem tempora ut nihil corporis non ad quod enim enim harum sunt eos nulla minus rerum et qui sit sint sed fugit beatae magni maxime illum voluptatem porro recusandae.', 419, 'no_image.png', 2, 4),
(52, 'Dolores blanditiis incidunt enim.', 'Molestiae esse qui sint quam illum molestias officia laborum cum et dolores repudiandae autem repudiandae qui explicabo hic aspernatur et ipsam sed sunt cupiditate tempora similique et magni omnis amet ex eius fugiat delectus quo est optio illo ab maiores voluptatum facilis consequuntur voluptatibus dolorem vero temporibus qui ut hic facilis animi impedit eum eligendi suscipit voluptatibus est consequatur possimus qui totam delectus laboriosam adipisci eum et qui cumque consequatur nesciunt ut quidem a corporis sed natus voluptatem maiores fugit cumque laudantium earum similique alias rerum numquam aut est labore atque totam asperiores pariatur temporibus nostrum sint quis velit et sit repudiandae qui voluptates ad ratione quod corporis debitis fugit veniam fugit reiciendis non ipsam dolorem ratione voluptas ad consequatur est et animi placeat tempora eveniet animi delectus ex quia occaecati sed reprehenderit inventore iure eos.', 444, 'no_image.png', 1, 4),
(53, 'Alias et odit praesentium.', 'Ipsa excepturi facilis sed incidunt rerum qui reprehenderit quidem est earum perspiciatis repellat harum ut magni facilis sit culpa et et consectetur assumenda ad a facilis modi rem ex qui perferendis qui harum rerum et minima ullam et minus perspiciatis odit nemo qui nisi voluptatem sed rerum velit praesentium fuga qui ex qui dicta eius voluptate quaerat nam eum magnam et est ea voluptates sunt nisi eos eum quaerat et nemo amet deserunt amet perspiciatis dolor.', 810, 'no_image.png', 1, 3),
(54, 'In ratione consectetur.', 'Sint rerum beatae est distinctio nihil harum hic aspernatur omnis voluptatum rem voluptatum aliquam tenetur pariatur expedita voluptas facere vel ab quis ratione ullam qui impedit aliquid nihil ratione et ut voluptas nostrum quidem hic omnis quos quibusdam quis omnis cupiditate laboriosam sapiente deleniti a odit nobis in aperiam minima corporis neque nemo placeat laudantium id ducimus sit quis placeat ab architecto perspiciatis unde eos cum quae recusandae autem.', 802, 'no_image.png', 2, 1),
(55, 'Similique molestiae deserunt hic.', 'Totam asperiores non est ea doloribus iure et earum molestiae esse architecto velit dolores quia quibusdam repellat itaque voluptates esse sed quo temporibus qui dignissimos deserunt nihil consequuntur deserunt eligendi nisi iste id eos consequatur est nam similique iste asperiores autem nulla explicabo labore rerum consequuntur ab facere quis dolores autem eveniet deserunt sequi optio dignissimos ut et minus est perferendis eligendi dolorem veniam optio labore voluptas laboriosam molestiae architecto ab dolor deleniti adipisci quidem consequatur unde et cumque ipsum veritatis eos vel consequatur non rem consequatur fuga tempora aperiam autem sint velit occaecati harum illum quaerat reiciendis est harum tenetur possimus qui veritatis et eveniet officiis est non dolorem porro laudantium sunt nihil rem voluptas vel voluptates earum minima doloremque odit optio ipsam.', 675, 'no_image.png', 1, 3),
(56, 'Eaque aut quaerat perferendis.', 'Qui et rem aut minima nobis est qui ducimus quasi est et labore consequuntur tempore qui cumque cupiditate minus odio quisquam illum sed quia et aut amet inventore officiis occaecati quia qui rerum cupiditate et maxime voluptas delectus id veniam et animi eius aut exercitationem ea mollitia et voluptas est nostrum rerum cum placeat et ut dolorem occaecati sed veritatis maiores et rerum soluta dolor voluptatibus eum atque soluta minus veniam sequi quo non vel fugiat rerum aut ipsam aperiam consequatur voluptas quo ducimus esse et voluptatibus autem sed ab ducimus sapiente laboriosam laudantium eum quia quas ducimus aut nihil voluptatem molestias aspernatur perspiciatis.', 218, 'no_image.png', 1, 3),
(57, 'Deserunt qui non.', 'Omnis omnis quos dolorum sed odio amet odio architecto rerum qui fuga laborum voluptatem eos error aspernatur mollitia omnis exercitationem occaecati itaque consequuntur occaecati consequatur sed similique porro earum vel quis sit non unde voluptatem aut hic harum sint beatae est incidunt explicabo voluptatibus est necessitatibus qui et neque quis et architecto aut sequi dignissimos et nihil omnis ad vitae id facilis inventore voluptas molestiae vero aliquam dolor autem natus ut occaecati sit quia voluptatem sunt sed necessitatibus.', 944, 'no_image.png', 1, 2),
(58, 'Dignissimos cum sed perferendis.', 'Eius et optio eum quaerat commodi sint consectetur et placeat beatae nihil reprehenderit consequuntur occaecati aspernatur totam culpa totam fuga iure sed ipsam dicta similique modi aut cum fugit rerum sequi nam dicta at rerum blanditiis quam labore cupiditate sed error debitis animi tempore iure dolores itaque vero et eum deleniti consequuntur quod minus autem veniam ipsa in quo ducimus rerum quia optio omnis quasi quisquam ut aut ipsam voluptatem dicta provident consequuntur quis inventore exercitationem molestiae quibusdam vero quidem accusantium possimus ipsam ab eligendi voluptatem quo quidem voluptates unde nisi eius accusamus et aut sed doloremque labore ea at fugiat numquam voluptatem culpa est sint aliquid.', 955, 'no_image.png', 1, 2),
(59, 'Dolores iusto aut vero.', 'Eius nihil aliquid a optio rerum ut laboriosam eos aperiam recusandae rerum non id tempora culpa molestias facere quia veniam facilis non sint iste delectus reiciendis ipsum id dolores recusandae odit dolores consequatur et tenetur dignissimos consequatur quisquam provident amet nemo sed recusandae voluptates iste quam consequatur autem eum repellat velit in est animi voluptas corrupti veniam vitae aspernatur nisi repudiandae consequuntur assumenda qui voluptatem enim et quas illum laudantium facilis delectus debitis dolorem accusantium ullam unde tempore suscipit incidunt sapiente quaerat sed omnis veritatis hic non doloribus laudantium culpa quis saepe quidem repellendus debitis dicta aliquam quasi sed modi enim dolor qui quaerat qui quidem voluptatem atque consectetur aut non quis sint ullam dolorem sequi aut maxime vitae suscipit quasi est fugiat est porro eligendi et delectus minima perferendis ipsam et a qui autem beatae qui temporibus.', 228, 'no_image.png', 1, 2),
(60, 'Qui accusantium et.', 'Hic suscipit eaque et ratione eaque similique ducimus ducimus illum ratione qui veniam earum voluptate fugit fugiat veritatis reprehenderit corporis impedit eos est occaecati quidem dolor exercitationem harum quia amet itaque explicabo incidunt sint repudiandae quaerat veritatis ut perferendis molestiae nemo necessitatibus velit et eligendi quas velit sapiente error et quia quos neque necessitatibus exercitationem nobis aliquam eos consequuntur modi omnis distinctio inventore natus dignissimos nisi debitis quae quos natus culpa voluptas ut vero pariatur fuga earum qui similique sit quisquam et deleniti aut voluptatum saepe veritatis dolores voluptatem iusto porro iusto mollitia et id sed veniam eius dolorum eum veritatis voluptas molestiae itaque a rerum delectus voluptates delectus ut et voluptatibus qui tempore.', 752, 'no_image.png', 2, 1),
(61, 'Unde dignissimos dignissimos iste tempora.', 'Vel voluptates modi provident molestias sit quis et sit nisi et aut possimus eum cumque cum tempore consequatur ipsa quia omnis quis velit quis et ratione eaque accusamus reprehenderit est dolor dolor reprehenderit necessitatibus officiis possimus necessitatibus omnis qui dolores est accusantium in non dolorem ut animi quo placeat doloremque consequatur inventore molestias ea minus voluptate tenetur ea magnam quis numquam praesentium deserunt officiis quis est optio sunt reiciendis officia et maxime id soluta quisquam qui quia voluptates id voluptatem in odit.', 139, 'no_image.png', 2, 3),
(62, 'Labore autem impedit ducimus.', 'Aut voluptas asperiores voluptatem repellat consequatur similique est ipsa officia atque enim quia necessitatibus mollitia sed natus corrupti ut quisquam et commodi voluptatem quis voluptatem occaecati est vero aut voluptatem neque minus aperiam consequuntur quae hic sapiente exercitationem incidunt et sapiente tempore similique ea sed quia est voluptas aut et numquam enim possimus et perferendis sunt ut eum sed nihil enim architecto rerum nesciunt dolores eligendi magni iste repellendus velit iste atque eius excepturi possimus consequatur et explicabo sapiente odit sint dicta quos quia vel quam itaque dolores sit tenetur beatae iure explicabo corrupti velit corporis veniam adipisci velit est velit dolor ex illo hic dolores unde optio sit reiciendis sit qui recusandae illo aut et doloremque est minus est enim corrupti quo eos quo sunt labore.', 728, 'no_image.png', 1, 4),
(63, 'Sed facere officiis quod.', 'Nostrum ut eos occaecati dolores libero est magni repudiandae quis enim omnis quae excepturi nihil tempora quis doloribus quia pariatur quia autem ut neque numquam eligendi officiis corporis vel ducimus et ea explicabo quasi fugit autem libero unde ipsam tempore quis dignissimos autem et qui minima cupiditate illo asperiores autem voluptate et deleniti corporis exercitationem rerum alias ratione corrupti est mollitia itaque placeat quaerat labore consequatur qui minima est ad qui aut voluptate iure neque quisquam facere sunt nihil nobis suscipit magni sint nihil qui quia aspernatur officia totam qui ab maiores voluptas omnis temporibus reprehenderit et saepe et et aut cumque quidem impedit porro vel illo quia laborum magni aut quod quod ut id dolores similique suscipit labore ratione cumque velit error dicta enim nobis dolorum animi nesciunt voluptatem odio omnis sint qui.', 35, 'no_image.png', 2, 4),
(64, 'Aut maiores ipsa sit veniam.', 'Velit fuga necessitatibus ullam aut non ea blanditiis aut quasi omnis et incidunt distinctio laboriosam accusantium voluptates ut vel nam sint numquam voluptas delectus omnis adipisci est enim repellendus soluta dignissimos nobis voluptatem voluptate quidem quaerat pariatur quia aut autem omnis consequatur quis dolor dolor impedit magnam quis velit provident quo voluptatum dolores voluptatem rem rem odit tempora odio optio dolorem velit quis vel perspiciatis impedit autem exercitationem voluptatum dolores explicabo repellat magnam nihil eum asperiores eum eaque et similique non sint qui iste rem et.', 22, 'no_image.png', 2, 4),
(65, 'Culpa est ea.', 'Tempora corporis provident quam quae est vero adipisci quis officiis voluptatem sint est ad officiis voluptates tempore porro quibusdam esse quas fuga at dolor voluptatem aut velit iste rerum aut aut aut fugit repellendus ratione culpa deleniti porro maxime delectus cumque voluptate a quasi non id perspiciatis et ut quia vitae praesentium sit reprehenderit ut nulla ratione voluptas voluptatem porro tempora soluta culpa perferendis sint at autem enim possimus adipisci porro sunt dolor delectus explicabo similique ut quis ea voluptatem magnam et ut adipisci doloribus et atque voluptas dignissimos cum rerum optio cum consequuntur et ut veritatis sapiente eos qui rem totam quidem in odit et eveniet quaerat veniam ullam quia fugit qui eligendi est dolor reiciendis harum veritatis consequuntur.', 546, 'no_image.png', 1, 3),
(66, 'Reiciendis aliquam consequatur error.', 'Tempore nemo excepturi quia aut voluptates possimus ducimus quaerat laboriosam reiciendis et aut quaerat alias minus qui est laboriosam natus ut totam eos voluptate dicta enim vero magni rerum ut ea beatae odit harum quia ut architecto adipisci quas voluptatibus provident officia quos qui quis quas eum labore repellendus dolorum maxime tempore qui aut voluptas voluptas tempora similique nostrum iure et culpa.', 458, 'no_image.png', 2, 1),
(67, 'Dolor quia qui quasi porro.', 'Dolorem recusandae possimus laudantium at adipisci non repellat enim quia et ex quo doloremque rerum labore dolore repudiandae repellat fugiat pariatur id et temporibus ut numquam eligendi sit necessitatibus est rem saepe aut quis nihil vel voluptas et aspernatur laudantium modi debitis recusandae autem dolorem debitis necessitatibus et voluptas dolor ea rerum dolor eos consectetur deserunt veniam minus animi id et eaque sed id consectetur fugiat aspernatur vero nihil quibusdam dolorum voluptatum delectus veritatis sapiente dolore quos velit ut et sunt fugiat quibusdam vitae.', 668, 'no_image.png', 2, 3),
(68, 'Recusandae sit et quia.', 'Est et voluptatem ab est est sapiente voluptatem veritatis eos voluptatem sed quae atque aut dolor et iure dolorem omnis ex sint error est et molestiae id quam consequatur voluptatibus dignissimos maxime et pariatur laudantium voluptate nisi dolor sunt iure ea voluptatem voluptas placeat ex eveniet dignissimos voluptatem dolores tempore alias nihil in omnis tenetur ut voluptas a nulla vel accusantium alias ea laborum ut quasi ut.', 383, 'no_image.png', 1, 2);
INSERT INTO `produk` (`produk_id`, `produk`, `deskripsi`, `stok`, `foto`, `supplier_id`, `kategori_id`) VALUES
(69, 'Blanditiis ducimus architecto.', 'Dolor non quia cupiditate provident unde ullam doloribus dolor ut autem itaque beatae non nesciunt et qui dolorem nostrum tempora ipsam nam provident culpa quibusdam necessitatibus ipsum occaecati consequatur non saepe corrupti voluptatum et id et asperiores rerum magnam excepturi et totam numquam animi neque accusantium sit eum est quis laborum quia consequuntur reprehenderit voluptate debitis sint qui maiores unde neque voluptatem sit totam quaerat voluptatem aut fugiat dolores voluptatum.', 255, 'no_image.png', 2, 3),
(70, 'Blanditiis nihil beatae.', 'Et optio rerum et debitis voluptas cumque aliquid molestiae dolorem est est in quod quibusdam et sed rem rem fuga ut expedita voluptas illo veniam non in molestiae et impedit quibusdam suscipit necessitatibus quaerat sit sed nemo explicabo est nisi atque vero maiores reiciendis modi ut non rem molestias necessitatibus voluptas facere consequatur amet excepturi nesciunt laboriosam ea quisquam similique ipsam saepe enim quasi sit omnis minima facilis sequi velit voluptatem beatae sunt sint corrupti a.', 219, 'no_image.png', 2, 1),
(71, 'Quis accusantium voluptatem quia.', 'Dolorum et voluptatem dolor et totam odit corporis voluptate cum omnis est minus et voluptate laboriosam ratione quaerat in in corrupti nesciunt id vitae quis accusamus officia et sint quos nemo maiores animi non ut quod in nulla modi consequuntur doloribus corporis nam mollitia qui qui non eos modi et labore voluptates nulla facilis alias dicta dicta temporibus dolores dolorem sed beatae deserunt qui qui odio et aliquid cum eos repellat quis ea aperiam recusandae similique mollitia non corporis tempore tenetur accusamus suscipit qui est modi aliquam animi perspiciatis non quo consequatur odit blanditiis aut qui repellendus distinctio omnis saepe facere autem natus voluptatem id autem voluptatem.', 75, 'no_image.png', 2, 3),
(72, 'Tempora earum sunt sunt est.', 'Saepe est magni vitae velit tenetur dolores delectus qui nostrum id ratione dolorum incidunt accusamus quis aut sunt iste consequuntur ad quos est labore inventore aliquam commodi voluptatem inventore aut temporibus voluptatem delectus molestiae aut maiores dolores eaque qui autem ducimus autem nihil doloremque labore eligendi debitis qui rerum qui enim officia eius iure velit sint qui nihil et et delectus omnis asperiores ut placeat ipsum non sed impedit ad quis aliquid dolore ad tempora ut ducimus repellendus ex nostrum consectetur sed et vitae quas nisi saepe doloribus pariatur ipsa voluptates omnis fuga amet qui illum perspiciatis perferendis odit quos sit fugit dolor et iure eum ex occaecati laudantium qui recusandae voluptate cumque sit beatae neque laboriosam omnis aut numquam.', 944, 'no_image.png', 2, 4),
(73, 'Adipisci quia culpa qui.', 'Ut aut tenetur vero cumque at eum aut earum soluta alias est et reiciendis voluptatem at in impedit sit harum excepturi tenetur maiores et veniam provident eius molestiae ullam veniam animi fugiat est officiis corporis a eveniet aut accusantium alias voluptas similique recusandae nostrum quae id commodi sed et ea aut fugiat omnis quaerat recusandae sint id dolores et blanditiis qui aspernatur ipsam id vero perferendis tenetur numquam fugit consequuntur qui nemo quo tempora reiciendis consequuntur voluptatem fugiat quia neque at et consectetur tempore voluptas ea reiciendis consequatur ut magnam quia commodi asperiores consequuntur incidunt eos et qui a eum esse error pariatur modi quia laborum est modi saepe sequi ipsam eveniet nesciunt eligendi numquam asperiores vitae ut consequatur ea quisquam vel est maiores quis ipsum est deserunt ratione et error aut quidem reprehenderit.', 857, 'no_image.png', 1, 2),
(74, 'Eum minus quae.', 'Quaerat aut saepe quo est distinctio recusandae doloremque ipsa nisi occaecati quia accusantium et earum nulla minima est voluptatem tenetur aspernatur ducimus non nihil dolor tempora dolor dolores voluptatum vel molestiae sunt quam voluptatem suscipit omnis cupiditate ullam quidem nisi et similique laudantium illum consequatur illo autem perspiciatis voluptatibus iusto vero vitae maiores fugiat excepturi ipsam est deserunt odit dolor enim perferendis nesciunt quae fuga sapiente atque asperiores quibusdam quidem voluptates et velit hic rerum minus nemo harum consequatur et et numquam eos facilis sed cumque ipsam nemo eligendi ea beatae eos iste quaerat repellat sint ipsum eveniet fugit saepe repudiandae ullam modi accusamus similique ullam ex est velit et ut qui voluptas et sed ea quia veritatis facere et qui hic officia consequatur dolorem id nam nostrum delectus voluptatem.', 411, 'no_image.png', 2, 1),
(75, 'Magni quisquam et ut.', 'Unde voluptatem dolor aut officia est veniam excepturi occaecati nulla veniam repellat odit cum nobis nemo dignissimos et incidunt voluptatem vel ratione rerum iure mollitia commodi tenetur architecto quidem omnis excepturi tempora autem dolore doloremque facere placeat dolorum qui laudantium et voluptates delectus consequatur eius sed sunt sint dolores perferendis autem ipsa ut voluptates amet sint quisquam libero vel fugit ea ut illum unde illo est at ut vero perferendis omnis veniam dolor vel delectus dignissimos et fugit in laborum rem perferendis perferendis sed voluptates quam facere in quis ipsam esse praesentium consectetur impedit consectetur nulla maxime voluptas delectus harum ea labore error aut iure nihil qui repellat molestiae omnis ut et eaque magni sed repudiandae dolorem in recusandae fugiat quasi velit dolore voluptas rerum qui.', 727, 'no_image.png', 1, 3),
(76, 'Omnis amet esse consequatur voluptatem.', 'Ad illo repellendus est qui nihil dolor voluptatum soluta ut dolor accusamus consequuntur alias omnis natus quae rem est ex minima ut dolores quos nesciunt sint nostrum et eveniet numquam quia aut non delectus eveniet nobis deleniti voluptatem quisquam excepturi corrupti libero dolore quia praesentium dolores molestias ullam voluptatem itaque vero officiis ut nihil laborum similique eveniet impedit autem culpa est id veritatis doloremque veritatis voluptas quam id eius dolorum quia veniam aperiam et voluptas aliquid culpa nostrum incidunt sunt quisquam provident ea deserunt maiores a sed repellendus aut vero nobis veniam veritatis necessitatibus possimus.', 526, 'no_image.png', 2, 4),
(77, 'Aliquid rerum.', 'Dolores repellendus totam et distinctio nesciunt dolores cum accusantium facilis blanditiis optio quidem laudantium aut quia rem ex dolores at animi aut voluptatibus veritatis earum ab nihil necessitatibus dolor quia harum molestias velit molestiae molestiae eveniet impedit qui adipisci sapiente delectus quaerat et officiis enim sequi assumenda neque qui ipsam rerum odio dolorem saepe sunt esse et quae magnam autem iure aliquam pariatur et consequatur enim sit numquam adipisci molestiae praesentium repellat reiciendis a sint possimus quam tempora molestias officiis consectetur est incidunt repellat dolore ut minima aut non non ratione quo sit debitis enim exercitationem eveniet et quos cupiditate dolore dolor ab adipisci rerum est ipsam et quo quaerat sit doloremque aperiam molestiae sapiente provident sunt autem aut illo itaque at aut autem doloribus ut reprehenderit rerum doloremque error ut asperiores voluptatum odit ex iusto dignissimos quos ullam recusandae.', 424, 'no_image.png', 1, 3),
(78, 'Ut deserunt dicta.', 'Commodi odit nihil consequatur doloremque sit distinctio vel ut dolore molestiae sed dolores expedita eos ut iure reiciendis et qui odit rerum aut adipisci similique voluptate dolorem dolores tempora distinctio provident ipsa saepe beatae hic eum eos dignissimos minima ducimus nobis tenetur dolores qui esse laudantium culpa odio consectetur fugiat quos eum consequatur illum ipsa et nobis in ea dolore est commodi voluptates qui quia cupiditate adipisci voluptatem aperiam repellendus quibusdam hic aut.', 240, 'no_image.png', 1, 2),
(79, 'Fuga ut deleniti quis.', 'Iure dolorum nulla quia minus laudantium fugiat nemo culpa modi ut earum eaque aut ut officiis iure non beatae perferendis accusantium molestiae est sed deleniti qui distinctio porro rem maxime a beatae quae molestiae aspernatur ratione praesentium reprehenderit dolorem a distinctio ipsam iusto odit incidunt aliquid nostrum reiciendis deserunt nisi debitis eius consequuntur tenetur ex tenetur quae minima neque molestias sed aut voluptas dolores nihil suscipit consequatur officia facere animi ad occaecati earum.', 998, 'no_image.png', 2, 1),
(80, 'Et similique iste quaerat.', 'Libero itaque quod dolores non consequuntur provident culpa quia earum sunt nihil aut eos eveniet nam sint excepturi fugiat delectus repellendus culpa et rem tempore explicabo adipisci voluptas id non rem suscipit optio est natus et iure error non magnam nihil itaque fugiat eum sit non est autem vel labore exercitationem quae itaque dicta exercitationem nulla quaerat facilis et molestias amet omnis fuga optio laborum adipisci aperiam quibusdam voluptatem et atque sed dolor reprehenderit et sit aut rem vel velit laudantium eaque enim voluptatem dolor at inventore nihil excepturi temporibus odit nemo sapiente sit quia nam optio eaque animi cupiditate itaque nam laudantium nisi provident animi dolorum optio veniam consequuntur laudantium possimus et repellendus id pariatur voluptas dolorem distinctio.', 355, 'no_image.png', 1, 2),
(81, 'Eveniet natus dolor.', 'Et cumque quae ut dolores aut ut est eos tempore sit et quia et mollitia et distinctio aut nemo quo suscipit illo dolores repudiandae est quam in laborum deserunt reprehenderit facilis quo dolorem quasi minima maxime ipsum quisquam nobis voluptate commodi quisquam adipisci perspiciatis dolore qui placeat id incidunt sed qui qui deleniti ratione numquam sed delectus natus laboriosam iste rem natus libero iure sapiente laudantium inventore qui molestias adipisci dolore commodi et doloribus in velit est quia quisquam est culpa aut non ab accusantium voluptate iusto ut et accusantium saepe illum assumenda eos ut.', 110, 'no_image.png', 1, 4),
(82, 'Libero aspernatur cum et esse.', 'Dolores inventore ad eveniet voluptatem sapiente minus quia rerum eligendi nihil aut soluta qui aut itaque perferendis voluptatum ut reprehenderit iste sint nobis odit aut non cupiditate quas nostrum quia vel non quisquam numquam officia quo excepturi molestiae repellendus ex cum odit reiciendis temporibus voluptas iure et adipisci assumenda repellat deleniti nemo qui repudiandae et est ut maiores sit explicabo atque velit ex voluptatem nesciunt atque repudiandae sunt consequatur repellendus beatae neque doloremque blanditiis non illo enim architecto optio ut hic quam eligendi officiis sit qui consequatur esse minima minima quisquam quidem odio fuga magnam praesentium provident dolores ut numquam exercitationem quis consequatur quibusdam accusamus voluptatum incidunt neque qui nam aut vero est molestiae fugit.', 641, 'no_image.png', 1, 1),
(83, 'Ut maiores maxime ipsa.', 'Voluptatem cum rerum dolores magni facilis blanditiis optio officiis voluptatibus a sed accusamus et aperiam deleniti beatae explicabo adipisci cum sit suscipit neque possimus nostrum earum sed nostrum et atque impedit eius totam illum quas aut ratione praesentium sit optio quia ipsa consectetur est deleniti tenetur sunt velit deserunt accusantium incidunt fugit eligendi vero ullam omnis incidunt suscipit provident modi sapiente eum enim et omnis natus repellat modi consequatur non alias id aut eligendi impedit repellat et consequatur cupiditate reiciendis eius totam qui rerum ex commodi doloribus exercitationem.', 817, 'no_image.png', 1, 2),
(84, 'Nam ut omnis ut.', 'Temporibus quis cupiditate quod rerum distinctio vel ipsam cupiditate maxime perspiciatis eveniet harum explicabo libero occaecati fugit nisi dignissimos ratione nobis quisquam vitae est aut id ut qui ea debitis illo sunt et officia eum velit adipisci atque quod sit ut qui cupiditate placeat omnis ut aspernatur quia dolorem consequatur ad et totam quo in fugit recusandae quo aliquam quis fugiat.', 449, 'no_image.png', 1, 4),
(85, 'Omnis omnis consequatur.', 'Dolorum aliquid cupiditate at eligendi quia magni nesciunt a deleniti earum incidunt ut et quidem suscipit minus est reprehenderit similique maxime et rem vitae dignissimos quae aut tempora enim quod magnam eius explicabo dolore ut delectus officia et aut veniam animi et vitae ratione quod reprehenderit voluptatum sint minima qui ducimus impedit odio earum omnis ea placeat qui debitis libero a qui in quibusdam iure sint quasi maiores nemo non inventore veniam praesentium quo occaecati non possimus debitis enim ut voluptatem.', 562, 'no_image.png', 1, 3),
(86, 'Perspiciatis hic aspernatur placeat.', 'Est vel fugit numquam accusantium similique expedita aut sed fugit cupiditate delectus vitae eveniet delectus tempore tempore voluptates omnis id earum laudantium unde et facilis quae magnam tempore voluptates totam fuga alias dolores reiciendis quibusdam ipsam et repellendus aut non id quidem odit ipsam magnam et velit dolorem aut qui nostrum delectus et et expedita quam repellat et quam et voluptas sint quis deserunt aut assumenda quibusdam ad est voluptas dignissimos quia et possimus soluta sit est accusamus delectus qui quod ex reprehenderit eaque qui explicabo dolores voluptatem assumenda eos voluptatum mollitia eligendi id ipsa est enim quos est ratione quidem autem porro ut ea natus quia enim ab amet itaque ut quae sint provident qui cum dolor non vel.', 496, 'no_image.png', 1, 1),
(87, 'Est id.', 'Esse vel sit facilis in perferendis voluptas error impedit reprehenderit consequatur assumenda ut et quas ea officiis atque porro ullam quae ut ex est et enim consequuntur iusto omnis non hic omnis tempora cum commodi eos repellat et ipsam libero sunt libero ut animi sequi maiores rerum sunt cumque in distinctio ullam amet sint incidunt aut eum aperiam soluta at et officia excepturi dignissimos illum ut at maxime architecto distinctio eos id odio deleniti quos et ab dolores et dolores velit quia accusamus aspernatur delectus omnis autem eveniet dolorum maxime impedit sed voluptatem accusantium a molestias sequi sed sit veniam rem ad minus quos et odit quam debitis omnis consequatur ullam fuga est ex quia aut ut voluptas amet tempore itaque officia quis magni velit perferendis qui et assumenda optio.', 355, 'no_image.png', 2, 4),
(88, 'Minus rerum aliquam ad.', 'Tempore laboriosam aut sed sint sed voluptates molestias praesentium quae sit sed inventore quisquam non veniam dicta libero error blanditiis aliquid accusamus minus aut rerum dolorum at omnis aliquam doloribus totam nemo ipsum accusantium quo voluptatibus commodi qui non doloremque ea dignissimos et alias itaque exercitationem aperiam sed minus suscipit deserunt unde aspernatur id commodi aspernatur ducimus quisquam possimus hic odio molestiae eius rerum veritatis et est excepturi incidunt facere aut vitae rerum et autem dolorem veniam iusto accusamus ab.', 453, 'no_image.png', 1, 4),
(89, 'Eum voluptatem illo.', 'Laboriosam quia ducimus quasi repudiandae dolor vitae ratione ab aut ullam quae quia cum aut impedit hic labore officiis fuga eius mollitia officia beatae dolor provident ut voluptatem id earum aut autem cum voluptatem voluptas corrupti sint sint expedita autem unde adipisci a voluptatum laboriosam nihil aut autem enim et nam minima quia ipsa qui laudantium provident ab assumenda illum blanditiis praesentium eveniet optio corrupti aut natus magnam maxime omnis doloribus amet voluptates quos est cumque cumque repellat iure qui consequatur.', 229, 'no_image.png', 1, 3),
(90, 'Numquam qui autem.', 'Nulla repellat minus cum et possimus dolores eos modi nemo maiores sed sit molestiae soluta vel natus odit saepe vero illo nihil quod et ut voluptatem ratione nobis atque non temporibus adipisci magnam perferendis maiores rerum et soluta dolores fugit cum consequatur consequatur nemo sed velit reprehenderit aliquam tempora minima consequatur pariatur assumenda quia magni vel sed et est delectus molestiae non voluptatem necessitatibus ut veritatis omnis eos saepe aliquid et enim quod error quia et quia nemo corrupti nobis illo dolorem eaque et voluptatem placeat ab natus fugiat eos necessitatibus laborum earum sequi occaecati nihil dolores omnis omnis saepe possimus enim et dolorum expedita exercitationem.', 226, 'no_image.png', 2, 3),
(91, 'Explicabo beatae ad earum adipisci.', 'Quia vel corrupti ex ullam voluptas ad iure quia voluptas autem animi id et veritatis nisi itaque architecto aperiam beatae asperiores provident expedita consequatur natus nobis nihil fugit labore et vero fuga itaque iure autem atque iste ut reprehenderit et qui exercitationem quasi temporibus distinctio occaecati numquam est et architecto corrupti ullam adipisci vel sunt deserunt voluptas aliquid esse voluptas sed aliquid rerum vero et et molestiae tempora quas ut debitis explicabo.', 47, 'no_image.png', 2, 2),
(92, 'Tempore et tempora nisi.', 'Tenetur magni autem ea eum dolores perspiciatis qui voluptatum est amet dicta maiores aut perspiciatis et sed illum debitis explicabo ipsa eos praesentium voluptatibus sint consectetur deserunt minima non aut facilis quis qui praesentium accusamus illum quae autem et autem aliquid non officia nemo cupiditate eum deleniti tenetur quia eos voluptatibus voluptates ex ut voluptas doloremque quae in voluptas tempora corporis voluptatum doloribus eligendi quia aut nisi distinctio sit assumenda sunt est iste dolores a incidunt consequatur voluptatum officia eligendi repellat modi eaque voluptas ut nulla culpa corrupti minima voluptates nisi et vel sit est unde molestias vel iusto dolorum sit quia non minima amet laborum atque modi qui a nihil aut voluptas ipsum reprehenderit recusandae ducimus libero iste ullam ut dolorum earum necessitatibus laudantium quaerat rerum ex in delectus est quos dolorem provident amet vero et omnis.', 450, 'no_image.png', 1, 3),
(93, 'Quis voluptatem architecto.', 'Ad est voluptatem nesciunt repellendus quas quo necessitatibus consequatur in vel non et temporibus quidem et cupiditate sed nam porro explicabo perspiciatis aut consequuntur totam doloremque ut cumque ratione eaque at et ullam est sunt velit tenetur earum necessitatibus architecto libero dolores voluptates explicabo est qui asperiores corrupti et ut praesentium possimus doloribus natus corrupti accusantium repellendus amet cum enim ea nihil praesentium earum ea qui omnis optio quaerat sint ut qui omnis et nam et nihil libero expedita accusantium itaque rerum eum tempore iusto molestiae dolor sequi modi eos aperiam quam qui eos non vero quia dolorem ut necessitatibus quisquam quam voluptatem asperiores corrupti sed eos tenetur inventore velit aut omnis voluptates quos quia molestiae nulla reiciendis beatae vel adipisci harum.', 414, 'no_image.png', 2, 1),
(94, 'Quisquam est dolorum.', 'Et veritatis quae nobis neque et quisquam voluptatem officia et pariatur animi quo nulla quod assumenda qui voluptates excepturi est ipsam quos cupiditate molestiae tempore laudantium molestiae provident libero fugit vero possimus dolor est autem eum esse molestias blanditiis magnam est sequi pariatur ab odio et cum minima magnam earum fugit architecto voluptatum distinctio et assumenda ullam ratione nemo maxime consequuntur ad.', 152, 'no_image.png', 2, 3),
(95, 'Eaque voluptatem officiis.', 'Voluptatem voluptas dolorem exercitationem ipsum omnis incidunt ad neque commodi voluptas quo aut molestiae ullam provident perspiciatis inventore et deleniti nisi omnis et ea et veniam animi nulla cupiditate est autem et blanditiis explicabo commodi quae inventore ut dolorem sunt quia in omnis iure labore eaque voluptatibus reprehenderit sit dignissimos minima ea laboriosam minus et magni necessitatibus consequatur esse possimus tempora recusandae dolorum perspiciatis et perspiciatis dicta commodi expedita nulla numquam aperiam est soluta dolorem et qui aliquam autem quisquam non dolorum omnis ullam mollitia ea alias magni dolores suscipit non debitis ea iusto dolores esse eos neque quis voluptas expedita maiores odit voluptas ipsa.', 163, 'no_image.png', 1, 1),
(96, 'Magnam enim eos.', 'Deleniti at quae aliquam assumenda qui quia sed consectetur nobis quae quasi molestiae ea consequatur aut rerum enim omnis libero recusandae hic neque tenetur asperiores omnis dolores quod corporis vitae repellendus culpa saepe autem ad in qui molestiae quia eaque laudantium commodi modi maiores nesciunt excepturi quod voluptatem praesentium sit aut odio molestias id beatae maiores atque rem perferendis fuga qui minus sequi.', 997, 'no_image.png', 1, 2),
(97, 'Voluptas maiores beatae.', 'Quidem vel pariatur non hic at deleniti incidunt vitae earum est aut sed omnis repudiandae consequatur nihil nulla quas architecto eos voluptas odio praesentium cum distinctio omnis similique deleniti aspernatur perferendis qui ut quis sunt ratione non odit in repudiandae incidunt porro alias quisquam dolore distinctio in dolores vero distinctio temporibus officiis molestiae quia non suscipit maiores et optio rerum eligendi est quia maxime aperiam fuga dolores et praesentium nobis dolores porro consequatur sint illum aspernatur officiis magnam quo dolores quas laudantium voluptatum nobis totam est eum velit blanditiis autem beatae expedita iure voluptas ratione perspiciatis voluptatem asperiores consequatur quis tenetur asperiores vel ipsam mollitia tenetur autem ut et facere.', 508, 'no_image.png', 1, 3),
(98, 'Non autem.', 'Consequatur dolore quae error est veritatis sint nobis quasi omnis ducimus sed alias maiores nobis provident ipsam necessitatibus atque sit sed consequatur aliquid illum dolore quam laudantium consequuntur quis eaque doloremque incidunt consectetur sit totam soluta libero et iusto et est eligendi a quia ipsam molestias accusantium quis et et fuga qui quia sunt architecto ipsa necessitatibus aut non laudantium quo voluptates molestiae adipisci quia aut molestiae qui est expedita quia.', 839, 'no_image.png', 2, 3),
(99, 'Libero mollitia eligendi.', 'Natus rem alias amet magnam eos optio et at fugit optio tempore quibusdam similique asperiores repudiandae nobis consequatur dolorum sed reiciendis est adipisci illo blanditiis similique non nulla omnis asperiores sequi sit inventore ex sit dolorum omnis et assumenda dolorem quo voluptate omnis aut qui vel culpa in modi alias eos quos et soluta architecto in ut quis non aut ab ut quia est tempora sint occaecati sed aut minima ducimus sunt et itaque iusto nobis et natus voluptas ut nostrum quia repellendus inventore aut sed totam quis atque temporibus possimus.', 943, 'no_image.png', 2, 4),
(103, 'iPhone X', 'Deskripsi', 12, 'no_image.png', 1, 2);

-- --------------------------------------------------------

--
-- Table structure for table `supplier`
--

CREATE TABLE `supplier` (
  `supplier_id` int(3) NOT NULL,
  `supplier` varchar(75) NOT NULL
) ENGINE=InnoDB DEFAULT CHARSET=utf8mb4;

--
-- Dumping data for table `supplier`
--

INSERT INTO `supplier` (`supplier_id`, `supplier`) VALUES
(1, 'PT. MAJU MUNDUR KENA'),
(2, 'PT. ANGIN RIBUT');

--
-- Indexes for dumped tables
--

--
-- Indexes for table `kategori`
--
ALTER TABLE `kategori`
  ADD PRIMARY KEY (`kategori_id`);

--
-- Indexes for table `produk`
--
ALTER TABLE `produk`
  ADD PRIMARY KEY (`produk_id`),
  ADD KEY `supplier_id` (`supplier_id`),
  ADD KEY `kategori_id` (`kategori_id`);

--
-- Indexes for table `supplier`
--
ALTER TABLE `supplier`
  ADD PRIMARY KEY (`supplier_id`);

--
-- AUTO_INCREMENT for dumped tables
--

--
-- AUTO_INCREMENT for table `kategori`
--
ALTER TABLE `kategori`
  MODIFY `kategori_id` int(3) NOT NULL AUTO_INCREMENT, AUTO_INCREMENT=5;

--
-- AUTO_INCREMENT for table `produk`
--
ALTER TABLE `produk`
  MODIFY `produk_id` int(11) NOT NULL AUTO_INCREMENT, AUTO_INCREMENT=104;

--
-- AUTO_INCREMENT for table `supplier`
--
ALTER TABLE `supplier`
  MODIFY `supplier_id` int(3) NOT NULL AUTO_INCREMENT, AUTO_INCREMENT=3;

--
-- Constraints for dumped tables
--

--
-- Constraints for table `produk`
--
ALTER TABLE `produk`
  ADD CONSTRAINT `produk_kategori_fk` FOREIGN KEY (`kategori_id`) REFERENCES `kategori` (`kategori_id`) ON DELETE CASCADE ON UPDATE CASCADE,
  ADD CONSTRAINT `produk_supplier_fk` FOREIGN KEY (`supplier_id`) REFERENCES `supplier` (`supplier_id`);
COMMIT;

/*!40101 SET CHARACTER_SET_CLIENT=@OLD_CHARACTER_SET_CLIENT */;
/*!40101 SET CHARACTER_SET_RESULTS=@OLD_CHARACTER_SET_RESULTS */;
/*!40101 SET COLLATION_CONNECTION=@OLD_COLLATION_CONNECTION */;
